Row,Sample.ID,CSS,Farm,Field,Country,Particles.map,Particles.Map.ha,Weight.map,Kg.ha.weight.map,Particles.Mip,Area.Mip,Near.house,Near.road,Near.fields,Fence,Forest,Landfill,Industry,Crop.2022,Crop.2021,Crop.2020,Crop.2019,Crop.2018,CropDominant3,CropDominant4,Plastic,Org.fertilizer,Coating,Pesticide,Animal.manure,Compost,Cow.manure,Green.manure,Compost.manure,Chicken.manure,Orther.fert,Mulch,Irrig.pipe,Rope,Transplant.trays,Sprinkler,Tunnel,Net,Biodegradable,Perception,PH,Clay.per,Sand.per,Silt.per,OM.content,Size.m2,Slope,Road.speed,Road.distance.m,Fence.type,Forest.distance.m,Landfill.distance.m,Industry.distance
1,CSS01.01.1,1,1,1,Slovenia,1.5,15000,495.7,1.24,4,197136,yes,yes,yes,yes,yes,no,yes,greenhouse_vegetable,greenhouse_vegetable,greenhouse_vegetable,greenhouse_vegetable,other_vegetable,greenhouse_vegetable,greenhouse_vegetable,yes,yes,no,no,no,yes,no,no,no,no,no,yes,yes,yes,yes,no,no,no,no,small-medium,6.15,24.8,15.3,59.9,9.85,600,0,road_more_80,500,greenhouse,130,na,500
2,CSS01.01.2,1,1,2,Slovenia,1,10000,63.12,0.16,0,0,no,yes,no,yes,yes,no,yes,other_vegetable,greenhouse_vegetable,greenhouse_vegetable,arable_crops,na,mixed,mixed,yes,yes,no,no,no,yes,no,no,no,no,no,yes,yes,no,no,no,no,no,no,small-medium,6.4,19.25,10.25,70.5,4.4,1800,0,road_more_80,500,electric_fence,130,na,500
3,CSS01.02.1,1,2,1,Slovenia,0.75,7500,74.9,0.19,3,78854.4,no,yes,yes,no,yes,no,yes,other_vegetable,other_vegetable,other_vegetable,arable_crops,na,other_vegetable,mixed,yes,yes,no,yes,yes,no,yes,no,no,no,no,yes,no,no,no,no,no,no,yes,medium,7.1,18.6,21.55,59.85,4.95,4400,0,road_80,0,no,1000,na,2000
4,CSS01.02.2,1,2,2,Slovenia,0.5,5000,625.1,1.56,9,205021.44,yes,yes,yes,no,yes,no,yes,other_vegetable,other_vegetable,greenhouse_vegetable,na,na,mixed,mixed,no,yes,no,yes,yes,no,yes,no,no,no,no,na,na,na,na,na,na,na,no,medium,7.1,26,29.25,44.8,5.2,3500,0,road_more_80,170,no,400,na,1100
5,CSS01.03.1,1,3,1,Slovenia,3.75,37500,5949.3,14.87,4,55198.08,no,yes,yes,no,yes,no,yes,other_vegetable,fallow,fallow,other_vegetable,fallow,fallow,mixed,yes,no,no,yes,no,no,no,no,no,no,no,yes,yes,no,no,no,no,no,no,small,7.25,24.4,28.8,46.8,5,5700,0,road_50,30,no,500,na,1500
6,CSS01.03.2,1,3,2,Slovenia,0.75,7500,4500,11.25,0,0,yes,yes,yes,no,yes,no,yes,fallow,other_vegetable,fallow,other_vegetable,fallow,fallow,mixed,no,no,no,yes,no,no,no,no,no,no,no,no,no,no,no,no,no,no,no,small,7.45,14.05,32.1,53.85,3.3,9600,0,road_less_50,50,no,700,na,na
7,CSS01.04.1,1,4,1,Slovenia,3.5,35000,1242.2,3.11,3,654491.52,no,yes,yes,no,yes,yes,yes,other_vegetable,greenhouse_vegetable,other_vegetable,na,na,mixed,mixed,yes,no,no,yes,no,no,no,no,no,no,no,yes,yes,no,no,no,no,no,no,large,7.2,25.25,17.45,57.3,3.35,40000,0,road_80,0,no,700,1200,1200
8,CSS01.04.2,1,4,2,Slovenia,0,0,0,0,2,15770.88,no,yes,yes,no,yes,yes,yes,arable_crops,arable_crops,na,na,na,na,mixed,no,no,no,yes,no,no,no,no,no,no,no,no,no,no,no,no,no,no,no,large,5.7,42.05,5.45,52.5,4.2,4000,0,road_80,400,no,700,1400,1400
9,CSS01.05.1,1,5,1,Slovenia,8,80000,3348.9,8.37,3,23656.32,no,yes,yes,yes,yes,no,yes,arable_crops,greenhouse_vegetable,greenhouse_vegetable,greenhouse_vegetable,greenhouse_vegetable,greenhouse_vegetable,greenhouse_vegetable,yes,yes,no,yes,yes,no,yes,no,no,no,no,yes,yes,yes,yes,no,no,no,no,medium,6.8,19.75,24.35,55.9,4.7,1600,0,dirtroad,0,greenhouse,1200,na,1000
10,CSS01.05.2,1,5,2,Slovenia,4.5,45000,4075.9,10.19,0,0,no,yes,yes,no,yes,no,yes,other_vegetable,other_vegetable,other_vegetable,other_vegetable,other_vegetable,other_vegetable,other_vegetable,yes,yes,no,yes,yes,no,yes,no,no,no,no,yes,yes,no,no,yes,no,no,no,medium,7.15,15.85,20.95,63.2,5.6,1800,0,dirtroad,0,no,1200,na,1000
11,CSS01.06.1,1,6,1,Slovenia,3.5,35000,1999.4,5,31,2518083.84,no,no,yes,yes,yes,no,no,greenhouse_vegetable,greenhouse_vegetable,greenhouse_vegetable,greenhouse_vegetable,na,greenhouse_vegetable,greenhouse_vegetable,yes,yes,no,yes,no,no,no,yes,no,no,no,yes,yes,yes,no,no,no,no,no,medium-large,6.95,22.8,13.75,63.45,3.35,1000,0,no,,greenhouse,500,na,na
12,CSS01.06.2,1,6,2,Slovenia,8.5,85000,5076.5,12.69,0,0,no,no,yes,no,yes,no,no,greenhouse_vegetable,arable_crops,greenhouse_vegetable,greenhouse_vegetable,greenhouse_vegetable,greenhouse_vegetable,greenhouse_vegetable,yes,yes,no,yes,no,no,no,yes,no,no,no,yes,no,no,no,yes,yes,no,yes,medium-large,6.75,22.15,12.4,65.45,2.4,1400,0,no,,no,500,na,na
13,CSS01.07.1,1,7,1,Slovenia,0,0,0,0,10,662376.96,no,yes,yes,no,yes,no,no,arable_crops,arable_crops,arable_crops,arable_crops,arable_crops,arable_crops,arable_crops,no,yes,no,yes,no,no,no,yes,no,no,no,no,no,no,no,no,no,no,no,small ,7.3,17.5,27,55.5,4.3,20000,3,road_80,0,no,300,na,na
14,CSS01.07.2,1,7,2,Slovenia,2,20000,1421.4,3.55,5,118281.6,no,yes,yes,no,yes,no,no,other_vegetable,other_vegetable,other_vegetable,other_vegetable,other_vegetable,other_vegetable,other_vegetable,yes,yes,no,yes,no,no,no,yes,no,no,no,no,yes,no,no,no,no,no,no,small ,6.05,19.45,1.9,78.65,2.3,90000,0,road_80,500,no,400,na,na
15,CSS01.08.1,1,8,1,Slovenia,1.25,12500,157.5,0.39,0,0,no,yes,yes,no,yes,no,no,other_vegetable,greenhouse_vegetable,other_vegetable,greenhouse_vegetable,greenhouse_vegetable,greenhouse_vegetable,mixed,yes,yes,no,yes,no,no,no,no,no,no,yes,yes,yes,no,no,no,no,no,no,medium-large,5.7,27.15,0.15,72.7,2.15,1800,0,dirtroad,0,no,0,na,na
16,CSS01.08.2,1,8,2,Slovenia,14,140000,4327.4,10.82,8,370615.68,no,yes,yes,no,yes,no,no,other_vegetable,greenhouse_vegetable,greenhouse_vegetable,greenhouse_vegetable,other_vegetable,greenhouse_vegetable,mixed,yes,yes,no,yes,no,no,no,no,no,no,yes,yes,yes,no,no,no,no,no,no,medium-large,6.4,18.75,2.5,78.75,2.5,2400,0,road_80,0,no,300,na,na
17,CSS01.09.1,1,9,1,Slovenia,1.5,15000,610,1.53,5,118281.6,yes,yes,yes,yes,yes,no,no,greenhouse_vegetable,arable_crops,other_vegetable,arable_crops,arable_crops,arable_crops,mixed,yes,yes,no,yes,no,no,no,no,yes,no,no,yes,yes,yes,no,no,yes,no,no,large,6.85,31.4,2.15,66.45,5,500,0,road_50,50,tunnel,1600,na,na
18,CSS01.09.2,1,9,2,Slovenia,4,40000,1520.9,3.8,8,126167.04,yes,yes,yes,no,yes,no,no,greenhouse_vegetable,greenhouse_vegetable,greenhouse_vegetable,greenhouse_vegetable,greenhouse_vegetable,greenhouse_vegetable,greenhouse_vegetable,yes,yes,no,yes,no,no,no,no,yes,no,no,yes,yes,yes,no,no,no,no,no,large,7,32.85,1.15,66,5.8,500,0,road_50,50,no,1600,na,na
19,CSS01.10.1,1,10,1,Slovenia,7.25,72500,1827.8,4.57,10,488897.28,yes,yes,yes,yes,no,no,no,greenhouse_vegetable,greenhouse_vegetable,greenhouse_vegetable,greenhouse_vegetable,greenhouse_vegetable,greenhouse_vegetable,greenhouse_vegetable,yes,yes,no,yes,yes,no,no,no,no,no,yes,yes,yes,yes,no,no,yes,no,no,medium,6.8,19.65,29.4,50.95,3.55,8000,0,dirtroad,0,tunnel,no,na,na
20,CSS01.10.2,1,10,2,Slovenia,0.75,7500,353.1,0.88,5,55198.08,yes,yes,yes,no,no,no,no,arable_crops,other_vegetable,other_vegetable,greenhouse_vegetable,greenhouse_vegetable,mixed,mixed,yes,yes,no,yes,yes,no,no,no,no,no,yes,yes,yes,no,no,yes,no,no,no,medium,6.5,18.45,36.8,44.75,2.1,40000,0,dirtroad,0,no,no,na,na
21,CSS02.01.1,2,1,1,Netherlands,0,0,0,0,4,173479.68,no,yes,yes,no,yes,no,no,other_vegetable,arable_crops,arable_crops,arable_crops,arable_crops,arable_crops,arable_crops,no,yes,no,no,yes,yes,no,no,no,no,yes,no,no,no,no,no,no,no,no,small,na,na,na,na,na,45000,0,road_less_50,50,,50,na,na
22,CSS02.01.2,2,1,2,Netherlands,0,0,0,0,6,189250.56,no,yes,yes,no,yes,no,no,other_vegetable,arable_crops,arable_crops,arable_crops,arable_crops,arable_crops,arable_crops,no,yes,no,no,yes,yes,no,no,no,yes,no,no,no,no,no,no,no,no,no,small,na,na,na,na,na,45000,0,road_less_50,50,,50,na,na
23,CSS02.03.1,2,3,1,Netherlands,0,0,0,0,3,31541.76,no,no,yes,no,yes,no,no,na,arable_crops,arable_crops,arable_crops,arable_crops,arable_crops,arable_crops,no,no,no,yes,no,no,no,no,no,no,no,no,no,no,no,no,no,no,no,medium,na,na,na,na,na,4.00E+05,0,no,,,1500,na,na
24,CSS02.03.2,2,3,2,Netherlands,0,0,0,0,0,0,no,no,yes,no,yes,no,no,na,arable_crops,arable_crops,arable_crops,arable_crops,arable_crops,arable_crops,no,no,no,yes,no,no,no,no,no,no,no,no,no,no,no,no,no,no,no,medium,na,na,na,na,na,5.00E+05,0,no,,,1500,na,na
25,CSS02.04.1,2,4,1,Netherlands,1,10000,298,0.75,0,0,yes,yes,yes,no,no,no,no,arable_crops,other_vegetable,arable_crops,arable_crops,arable_crops,arable_crops,arable_crops,no,yes,na,yes,yes,yes,no,no,no,no,yes,no,no,no,no,no,no,na,na,large,na,na,na,na,na,250000,0,road_50,300,,,na,na
26,CSS02.04.2,2,4,2,Netherlands,0.25,2500,62.7,0.16,2,70968.96,yes,yes,yes,no,no,no,no,arable_crops,other_vegetable,arable_crops,arable_crops,arable_crops,arable_crops,arable_crops,no,yes,na,yes,yes,yes,no,no,no,no,yes,no,no,no,no,no,no,na,na,large,na,na,na,na,na,250000,0,road_50,300,,,na,na
27,CSS02.05.1,2,5,1,Netherlands,3.5,35000,1337.3,3.34,9,197136,yes,yes,no,yes,no,no,no,other_vegetable,other_vegetable,other_vegetable,other_vegetable,other_vegetable,other_vegetable,other_vegetable,no,yes,no,no,yes,yes,yes,no,no,no,no,no,no,no,no,no,no,no,no,large,na,na,na,na,na,na,0,road_50,100,,,na,na
28,CSS02.05.2,2,5,2,Netherlands,2.25,22500,4674.3,11.69,4,1521889.92,yes,yes,no,yes,no,no,no,other_vegetable,other_vegetable,other_vegetable,other_vegetable,other_vegetable,other_vegetable,other_vegetable,no,yes,no,no,yes,yes,yes,no,no,no,no,no,no,no,no,no,no,no,no,large,na,na,na,na,na,na,0,road_50,100,,,na,na
29,CSS02.06.1,2,6,1,Netherlands,2.25,22500,665.4,1.66,4,86739.84,yes,yes,yes,no,no,no,no,na,na,na,na,na,arable_crops,arable_crops,yes,no,yes,yes,no,no,no,no,no,no,no,no,yes,no,no,no,no,no,no,small,na,na,na,na,na,na,0,road_50,500,,,na,na
30,CSS02.06.2,2,6,2,Netherlands,2.5,25000,4175.2,10.44,3,47312.64,yes,yes,yes,no,no,no,no,na,na,na,na,na,arable_crops,arable_crops,yes,no,yes,yes,no,no,no,no,no,no,no,no,yes,no,no,no,no,no,no,small,na,na,na,na,na,na,0,road_50,500,,,na,na
31,CSS02.07.1,2,7,1,Netherlands,0.75,7500,47.2,0.12,6,141937.92,no,yes,yes,no,no,no,no,arable_crops,arable_crops,arable_crops,na,na,arable_crops,mixed,no,yes,yes,yes,no,yes,no,no,no,no,no,no,no,no,no,no,no,no,no,medium,na,na,na,na,na,28000,0,road_50,600,,,na,na
32,CSS02.07.2,2,7,2,Netherlands,19,190000,2515.6,6.29,1,1687484.16,no,yes,yes,no,no,no,no,arable_crops,other_vegetable,arable_crops,na,na,mixed,mixed,no,yes,yes,yes,no,yes,no,no,no,no,no,no,no,no,no,no,no,no,no,medium,na,na,na,na,na,23000,0,road_50,100,,,na,na
33,CSS02.08.1,2,8,1,Netherlands,1.25,12500,43.8,0.11,9,244448.64,no,yes,yes,no,yes,yes,yes,na,na,na,na,na,arable_crops,arable_crops,yes,no,yes,yes,no,no,no,no,yes,no,no,yes,no,no,no,no,yes,no,no,medium,na,na,na,na,na,9.00E+05,0,road_50,300,,,na,na
34,CSS02.08.2,2,8,2,Netherlands,2,20000,37.7,0.09,9,149823.36,no,yes,yes,no,yes,yes,yes,na,na,na,na,na,arable_crops,arable_crops,yes,no,na,yes,no,no,no,no,yes,no,no,yes,no,no,no,no,yes,no,no,medium,na,na,na,na,na,910000,0,road_50,300,,,na,na
35,CSS02.09.1,2,9,1,Netherlands,2,20000,54.4,0.14,0,0,no,yes,yes,no,no,yes,no,na,other_vegetable,arable_crops,arable_crops,other_vegetable,mixed,mixed,yes,no,yes,yes,no,no,no,no,yes,no,no,no,yes,no,no,no,no,no,no,small,na,na,na,na,na,na,0,road_50,600,,,na,na
36,CSS02.09.2,2,9,2,Netherlands,2.25,22500,154.5,0.39,8,126167.04,no,yes,yes,no,no,yes,no,na,other_vegetable,arable_crops,arable_crops,other_vegetable,mixed,mixed,yes,no,yes,yes,no,no,no,no,yes,no,no,oelle,yes,no,no,no,no,no,no,small,na,na,na,na,na,na,0,road_50,600,,,na,na
37,CSS03.01.1,3,1,1,UK,4.25,42500,2922.9,7.31,0,0,no,na,yes,yes,yes,no,no,arable_crops,arable_crops,arable_crops,other_vegetable,other_vegetable,arable_crops,mixed,yes,yes,no,na,no,yes,no,no,no,no,no,yes,no,no,no,no,no,no,yes,medium-large,na,na,na,na,na,160000,0,na,na,,0,na,na
38,CSS03.01.2,3,1,2,UK,0.25,2500,3.4,0.01,2,197136,no,na,yes,yes,yes,no,no,other_vegetable,arable_crops,arable_crops,other_vegetable,other_vegetable,other_vegetable,mixed,no,no,yes,na,no,no,no,no,no,no,no,no,no,no,no,no,no,no,no,medium-large,na,na,na,na,na,70000,10,na,na,,0,na,na
39,CSS03.02.1,3,2,1,UK,1.25,12500,258,0.65,4,141937.92,no,na,yes,yes,yes,no,no,arable_crops,na,na,na,na,arable_crops,arable_crops,no,yes,yes,na,no,yes,no,no,no,no,no,no,no,no,no,no,no,no,no,small,na,na,na,na,na,60000,10,na,na,,0,na,na
40,CSS03.02.2,3,2,2,UK,0,0,0,0,0,0,no,na,yes,yes,yes,no,no,other_vegetable,na,na,na,na,arable_crops,mixed,no,no,no,na,no,no,no,no,no,no,no,no,no,no,no,no,no,no,no,small,na,na,na,na,na,30000,10,na,na,,0,na,na
41,CSS03.03.1,3,3,1,UK,0.25,2500,17,0.04,2,31541.76,no,na,yes,yes,no,no,no,na,na,na,na,na,arable_crops,arable_crops,yes,no,no,na,no,no,no,no,no,no,no,yes,no,no,no,no,no,no,no,medium,na,na,na,na,na,80000,0,na,na,,,na,na
42,CSS03.03.2,3,3,2,UK,0,0,0,0,0,0,no,na,yes,yes,no,no,no,arable_crops,arable_crops,arable_crops,arable_crops,arable_crops,arable_crops,arable_crops,no,no,no,na,no,no,no,no,no,no,no,no,no,no,no,no,no,no,no,medium,na,na,na,na,na,70000,10,na,na,,,na,na
43,CSS03.04.1,3,4,1,UK,0.75,7500,132.1,0.33,4,39427.2,no,na,yes,yes,no,no,no,other_vegetable,na,na,na,na,other_vegetable,other_vegetable,yes,yes,no,na,yes,no,yes,no,yes,yes,yes,yes,no,no,no,no,no,yes,no,medium-large,na,na,na,na,na,140000,0,na,na,,,na,na
44,CSS03.04.2,3,4,2,UK,0,0,0,0,2,23656.32,no,na,yes,no,no,no,no,na,na,na,na,na,arable_crops,arable_crops,no,no,no,na,no,no,no,no,no,no,no,no,no,no,no,no,no,no,no,medium-large,na,na,na,na,na,70000,0,na,na,,,na,na
45,CSS03.05.1,3,5,1,UK,0.5,5000,22.6,0.06,1,110396.16,no,yes,yes,yes,yes,no,no,other_vegetable,arable_crops,arable_crops,arable_crops,arable_crops,arable_crops,arable_crops,yes,no,no,no,no,no,no,no,no,no,no,yes,na,no,no,no,no,no,no,small-medium,na,na,na,na,na,340000,0,road_80,0,,0,na,na
46,CSS03.05.2,3,5,2,UK,0,0,0,0,1,118281.6,no,yes,yes,no,no,no,no,other_vegetable,arable_crops,arable_crops,arable_crops,arable_crops,arable_crops,arable_crops,yes,no,no,no,no,no,no,no,no,no,no,yes,na,no,no,no,no,no,no,small-medium,na,na,na,na,na,110000,0,road_80,0,,,na,na
47,CSS03.06.1,3,6,1,UK,0,0,0,0,11.5,236563.2,yes,yes,yes,yes,no,no,no,arable_crops,na,na,na,na,arable_crops,arable_crops,no,yes,no,na,no,no,no,no,no,no,no,no,no,no,no,no,no,no,no,small-medium,na,na,na,na,na,50000,0,road_50,50,,,na,na
48,CSS03.06.2,3,6,2,UK,0,0,0,0,2,47312.64,no,yes,yes,no,yes,no,no,orchards,orchards,orchards,orchards,orchards,orchards,orchards,no,no,no,na,no,no,no,no,no,no,no,no,no,no,no,no,no,no,no,small-medium,na,na,na,na,na,50000,25,road_more_80,0,,0,na,na
49,CSS03.07.1,3,7,1,UK,1,10000,3263.3,8.16,17,197136,no,no,yes,no,no,no,no,other_vegetable,other_vegetable,other_vegetable,arable_crops,arable_crops,other_vegetable,mixed,yes,yes,no,na,yes,no,yes,no,no,no,yes,yes,no,no,no,no,no,no,yes,medium-large,na,na,na,na,na,10000,10,no,na,,,na,na
50,CSS03.07.2,3,7,2,UK,0,0,0,0,2,15770.88,no,no,yes,no,no,no,no,arable_crops,arable_crops,arable_crops,arable_crops,arable_crops,arable_crops,arable_crops,no,yes,no,na,yes,no,yes,no,no,no,no,no,no,no,no,no,no,no,no,medium-large,na,na,na,na,na,10000,0,no,na,,,na,na
51,CSS03.08.1,3,8,1,UK,11,110000,455.4,1.14,10,165594.24,no,no,yes,no,no,no,no,other_vegetable,arable_crops,arable_crops,other_vegetable,greenhouse_vegetable,mixed,mixed,yes,yes,no,no,yes,no,yes,yes,no,no,no,yes,no,no,no,no,no,no,no,medium-large,na,na,na,na,na,13000,0,no,na,,,na,na
52,CSS03.08.2,3,8,2,UK,0.25,2500,16.2,0.04,9,149823.36,no,no,yes,no,no,no,no,other_vegetable,arable_crops,arable_crops,arable_crops,arable_crops,arable_crops,arable_crops,yes,yes,no,no,yes,no,yes,yes,no,no,no,yes,no,no,no,no,no,no,no,medium-large,na,na,na,na,na,4000,0,no,na,,,na,na
53,CSS03.09.1,3,9,1,UK,2.75,27500,2244,5.61,1,1789994.88,yes,yes,yes,yes,no,no,no,other_vegetable,na,na,na,na,arable_crops,mixed,yes,yes,no,na,no,yes,no,no,no,no,na,yes,no,no,no,no,no,no,no,medium,na,na,na,na,na,80000,10,road_80,0,,,na,na
54,CSS03.09.2,3,9,2,UK,2.75,27500,1666.9,4.17,4,39427.2,no,na,yes,yes,yes,no,no,arable_crops,na,na,na,na,arable_crops,arable_crops,no,no,no,na,no,no,no,no,no,no,no,no,no,no,no,no,no,no,no,medium,na,na,na,na,na,110000,10,na,na,,400,na,na
55,CSS03.10.1,3,10,1,UK,0,0,0,0,0,0,no,no,yes,yes,no,no,no,other_vegetable,arable_crops,other_vegetable,na,na,mixed,mixed,yes,yes,no,na,yes,no,yes,no,no,no,yes,yes,no,no,no,no,no,no,no,medium,na,na,na,na,na,10000,0,no,na,,,na,na
56,CSS03.10.2,3,10,2,UK,0,0,0,0,6,94625.28,no,no,yes,yes,no,no,no,fallow,other_vegetable,other_vegetable,other_vegetable,arable_crops,other_vegetable,mixed,yes,yes,no,na,yes,no,yes,no,no,no,yes,yes,no,no,no,no,no,no,no,medium,na,na,na,na,na,30000,0,no,na,,,na,na
57,CSS04.01.1,4,1,1,Estland,1.25,12500,15972.7,39.93,2,31541.76,no,yes,yes,no,no,no,no,arable_crops,greenhouse_vegetable,other_vegetable,arable_crops,greenhouse_vegetable,mixed,mixed,yes,yes,no,yes,no,no,no,yes,no,no,no,yes,yes,no,no,no,no,no,yes,medium,6.02,29.65,55.345,15.01,1.465,10000,3,,,,,na,na
58,CSS04.01.2,4,1,2,Estland,0,0,0,0,4,228677.76,no,yes,yes,no,no,no,no,arable_crops,arable_crops,greenhouse_vegetable,other_vegetable,other_vegetable,mixed,mixed,yes,yes,no,yes,no,no,no,yes,no,no,no,yes,no,no,no,no,no,yes,yes,medium,6.505,28.765,56.405,14.835,1.535,10000,3,,,,,na,na
59,CSS04.02.1,4,2,1,Estland,0,0,0,0,12,378501.12,yes,yes,yes,no,no,no,no,other_vegetable,other_vegetable,other_vegetable,other_vegetable,other_vegetable,other_vegetable,other_vegetable,yes,yes,no,no,yes,no,no,no,no,no,yes,yes,yes,no,no,no,no,no,yes,small,5.39,20.625,67.635,11.74,1.56,16300,1,,,,,na,na
60,CSS04.02.2,4,2,2,Estland,0,0,0,0,4,465240.96,yes,yes,yes,no,no,no,no,arable_crops,arable_crops,arable_crops,arable_crops,arable_crops,arable_crops,arable_crops,no,na,no,no,no,no,no,yes,no,no,no,no,no,no,no,no,no,no,no,small,5.645,21.995,65.135,12.87,1.23,21200,1,,,,,na,na
61,CSS04.03.1,4,3,1,Estland,5.75,57500,996.2,2.49,3,31541.76,no,yes,yes,no,yes,no,no,arable_crops,greenhouse_vegetable,greenhouse_vegetable,greenhouse_vegetable,greenhouse_vegetable,greenhouse_vegetable,greenhouse_vegetable,yes,no,no,yes,no,no,no,no,no,no,no,yes,yes,no,no,no,no,no,no,large,5.675,26.03,59.915,14.06,1.18,60000,0,,,,,na,na
62,CSS04.03.2,4,3,2,Estland,0,0,0,0,11,275990.4,no,yes,yes,no,no,no,no,arable_crops,arable_crops,arable_crops,arable_crops,arable_crops,arable_crops,arable_crops,no,no,no,no,no,no,no,no,no,no,no,no,no,no,no,no,no,no,no,large,5.79,21.26,64.035,14.705,1.73,1000,0,,,,,na,na
63,CSS04.04.1,4,4,1,Estland,1.25,12500,806.6,2.02,14,275990.4,yes,yes,yes,no,yes,no,yes,arable_crops,arable_crops,arable_crops,greenhouse_vegetable,greenhouse_vegetable,arable_crops,mixed,yes,no,no,no,no,no,no,no,no,no,no,yes,yes,no,no,no,no,no,no,medium-large,7.08,31.885,49.58,18.535,2.66,18200,2,,,,,na,na
64,CSS04.04.2,4,4,2,Estland,0,0,0,0,5,78854.4,yes,yes,yes,no,yes,no,yes,arable_crops,arable_crops,arable_crops,arable_crops,other_vegetable,arable_crops,arable_crops,no,no,no,no,no,no,no,no,no,no,no,no,no,no,no,no,no,no,no,medium-large,7.11,39.935,41.89,18.175,3.38,15600,2,,,,,na,na
65,CSS04.05.1,4,5,1,Estland,0.25,2500,3.6,0.01,431,49415424,no,yes,yes,no,yes,no,no,arable_crops,arable_crops,arable_crops,arable_crops,arable_crops,arable_crops,arable_crops,no,yes,no,yes,no,yes,no,no,no,no,yes,no,no,no,no,no,no,no,no,medium,5.395,16.655,72.38,10.965,2.16,320400,0,,,,,na,na
66,CSS04.05.2,4,5,2,Estland,0,0,0,0,7,134052.48,no,yes,yes,no,yes,no,no,arable_crops,arable_crops,other_vegetable,arable_crops,other_vegetable,arable_crops,mixed,no,na,no,yes,na,na,na,na,na,na,na,no,no,no,no,no,no,no,no,medium,4.025,18.285,70.81,10.905,1.785,246400,0,,,,,na,na
67,CSS04.06.1,4,6,1,Estland,2.25,22500,716.4,1.79,0,0,no,yes,yes,yes,yes,no,no,other_vegetable,arable_crops,arable_crops,arable_crops,arable_crops,arable_crops,arable_crops,no,yes,no,yes,no,yes,no,no,no,no,yes,no,no,no,no,no,no,no,no,medium,5.63,15.305,73.475,11.215,2.21,132700,0,,,,,na,na
68,CSS04.06.2,4,6,2,Estland,0,0,0,0,2,15770.88,no,yes,yes,no,yes,no,no,arable_crops,arable_crops,arable_crops,arable_crops,arable_crops,arable_crops,arable_crops,no,no,no,yes,no,no,no,no,no,no,no,no,no,no,no,no,no,no,no,medium,4.355,16.92,72.54,10.545,1.84,216400,0,,,,,na,na
69,CSS04.07.1,4,7,1,Estland,0,0,0,0,1,55198.08,yes,yes,yes,no,yes,no,no,arable_crops,arable_crops,arable_crops,arable_crops,arable_crops,arable_crops,arable_crops,no,yes,no,no,no,yes,no,no,no,no,yes,no,no,no,no,no,no,no,no,medium,6.405,35.635,42.995,21.365,3.23,6610,0,,,,,na,na
70,CSS04.07.2,4,7,2,Estland,0,0,0,0,5,126167.04,no,yes,yes,no,yes,no,no,arable_crops,arable_crops,arable_crops,arable_crops,arable_crops,arable_crops,arable_crops,no,yes,no,no,no,no,no,no,no,no,no,no,no,no,no,no,no,no,no,medium,6.075,36.855,42.435,20.71,2.9,131800,0,,,,,na,na
71,CSS04.08.1,4,8,1,Estland,1.5,15000,3241.3,8.1,7,78854.4,yes,yes,yes,yes,no,no,no,arable_crops,greenhouse_vegetable,greenhouse_vegetable,greenhouse_vegetable,greenhouse_vegetable,greenhouse_vegetable,greenhouse_vegetable,yes,no,no,yes,no,no,no,no,no,no,no,yes,yes,no,yes,no,no,no,no,medium,5.41,29.93,57.765,12.305,1.78,33000,2,,,,,na,na
72,CSS04.08.2,4,8,2,Estland,0.5,5000,246,0.62,5,70968.96,yes,yes,yes,no,no,no,no,greenhouse_vegetable,arable_crops,fallow,other_vegetable,other_vegetable,mixed,mixed,yes,no,no,no,no,no,no,no,no,no,no,yes,no,no,no,no,no,no,no,medium,5.235,31.32,54.995,13.685,1.635,5000,1,,,,,na,na
73,CSS04.09.1,4,9,1,Estland,1.25,12500,5327.7,13.32,0,0,no,yes,yes,no,yes,no,no,greenhouse_vegetable,greenhouse_vegetable,greenhouse_vegetable,greenhouse_vegetable,arable_crops,greenhouse_vegetable,greenhouse_vegetable,yes,yes,no,yes,no,yes,no,no,no,no,no,yes,yes,no,yes,no,yes,no,no,medium-large,7.26,26.795,53.2,20.005,3,6000,0,,,,,na,na
74,CSS04.09.2,4,9,2,Estland,0,0,0,0,2,39427.2,no,yes,no,no,yes,no,no,arable_crops,arable_crops,arable_crops,arable_crops,arable_crops,arable_crops,arable_crops,no,no,no,no,no,no,no,no,no,no,no,no,no,no,no,no,no,no,no,medium-large,6.695,37.745,42.12,20.13,6.99,26000,0,,,,,na,na
75,CSS04.10.1,4,10,1,Estland,0,0,0,0,2,15770.88,no,yes,yes,no,no,no,no,arable_crops,arable_crops,arable_crops,arable_crops,arable_crops,arable_crops,arable_crops,no,yes,no,yes,no,yes,no,no,no,no,no,no,no,no,no,no,no,no,no,medium-large,6.965,19.48,65.73,14.79,1.575,177000,1,,,,,na,na
76,CSS04.10.2,4,10,2,Estland,0,0,0,0,5,47312.64,no,yes,yes,no,yes,no,no,arable_crops,arable_crops,other_vegetable,arable_crops,arable_crops,arable_crops,arable_crops,no,no,no,yes,no,no,no,no,no,no,no,no,no,no,no,no,no,no,no,medium-large,6.97,35.58,54.605,9.815,5.83,238000,0,,,,,na,na
77,CSS05.01.1,5,1,1,Switzerland,2,20000,92540.3,231.35,9,165594.24,yes,yes,no,yes,no,no,no,orchards,orchards,orchards,orchards,orchards,orchards,orchards,yes,no,no,yes,no,no,no,no,no,no,no,no,no,no,no,no,no,yes,no,medium-large,5.29,6.78925,31.275,61.9355,4.634827,5000,6,road_80,0,,,na,na
78,CSS05.01.2,5,1,2,Switzerland,1.25,12500,50.9,0.13,8.3333333,307532.16,no,yes,yes,no,no,no,no,greenhouse_vegetable,arable_crops,arable_crops,arable_crops,other_vegetable,arable_crops,mixed,yes,no,no,yes,no,no,no,no,no,no,no,yes,no,no,no,no,no,no,no,medium-large,7.62,8.718,24.175,67.107,2.35296,20000,0,dirtroad,0,,,na,na
79,CSS05.02.1,5,2,1,Switzerland,1.5,15000,73.8,0.18,6,94625.28,yes,yes,yes,no,no,no,no,greenhouse_vegetable,greenhouse_vegetable,arable_crops,arable_crops,arable_crops,arable_crops,mixed,yes,yes,no,yes,yes,no,no,no,no,yes,yes,yes,yes,no,no,no,yes,no,no,medium-large,6.79,8.71,41.94367,49.34633,5.47046,4000,1.75,road_80,50,,,na,na
80,CSS05.02.2,5,2,2,Switzerland,0.75,7500,594.9,1.49,6,94625.28,yes,yes,yes,yes,no,no,no,orchards,orchards,orchards,orchards,orchards,orchards,orchards,yes,yes,no,yes,no,yes,no,no,no,no,yes,no,yes,no,no,no,no,yes,no,medium-large,6,7.6,42.04,50.3595,4.65776,10000,6,road_80,200,,,na,na
81,CSS05.03.1,5,3,1,Switzerland,0,0,0,0,4,78854.4,yes,yes,yes,yes,no,no,no,orchards,orchards,orchards,orchards,orchards,orchards,orchards,yes,na,no,no,na,na,na,na,na,na,na,no,no,no,no,no,no,yes,no,small,7.17,6.2215,49.687,44.0915,5.72502,1000,8.75,dirtroad ,0,,,na,na
82,CSS05.03.2,5,3,2,Switzerland,0,0,0,0,5,70968.96,no,yes,yes,no,no,no,no,arable_crops,arable_crops,na,na,na,na,mixed,no,na,no,no,na,na,na,na,na,na,na,no,no,no,no,no,no,no,no,small,6.59,14.7105,7.3115,77.9785,8.52002,7200,0,dirtroad ,0,,,na,na
83,CSS05.04.1,5,4,1,Switzerland,1,10000,9027.3,22.57,3,31541.76,no,yes,yes,yes,no,no,no,orchards,orchards,orchards,orchards,orchards,orchards,orchards,yes,yes,no,no,no,yes,no,no,no,no,yes,no,no,yes,no,no,no,yes,no,medium-large,6.09,12.5235,9.9565,77.52,6.01828,8000,8,road_less_50,0,,,na,na
84,CSS05.04.2,5,4,2,Switzerland,0.5,5000,1.6,0,6,102510.72,yes,yes,no,no,yes,no,no,arable_crops,arable_crops,arable_crops,arable_crops,arable_crops,arable_crops,arable_crops,no,yes,no,no,yes,no,yes,no,no,no,no,no,no,no,no,no,no,no,no,medium-large,6.5,9.8885,31.274,58.837,4.91662,7000,5.24,road_less_50,0,,0,na,na
85,CSS05.05.1,5,5,1,Switzerland,2.75,27500,4805.4,12.01,6,307532.16,no,yes,yes,no,no,no,no,other_vegetable,arable_crops,arable_crops,arable_crops,other_vegetable,arable_crops,mixed,yes,no,no,na,no,no,no,no,no,no,no,no,no,no,no,no,no,yes,no,medium-large,7.17,6.952,35.911,57.137,1.902893,8400,0,road_less_50,0,,,na,na
86,CSS05.05.2,5,5,2,Switzerland,0.5,5000,401.7,1,7.6666667,141937.92,no,yes,yes,no,yes,no,no,other_vegetable,arable_crops,other_vegetable,arable_crops,other_vegetable,other_vegetable,mixed,no,yes,no,na,yes,no,yes,no,no,na,no,no,no,no,no,no,no,no,no,medium-large,6.41,8.489,40.83467,50.67633,1.757267,7000,0,road_less_50,0,,0,na,na
87,CSS05.06.1,5,6,1,Switzerland,11.75,117500,6882.9,17.21,7,346959.36,no,yes,no,yes,no,no,no,other_vegetable,other_vegetable,other_vegetable,other_vegetable,other_vegetable,other_vegetable,other_vegetable,yes,yes,no,no,yes,yes,no,no,no,yes,yes,yes,yes,no,no,no,no,no,no,small,7.02,8.014,41.2645,50.722,15.04312,304,0,road_less_50,0,,,na,na
88,CSS05.06.2,5,6,2,Switzerland,1,10000,61.7,0.15,5,205021.44,yes,yes,yes,no,yes,no,no,arable_crops,arable_crops,arable_crops,arable_crops,arable_crops,arable_crops,arable_crops,yes,yes,no,no,yes,na,na,no,no,na,yes,yes,no,no,no,no,no,no,no,small,4.77,7.964,38.72,53.3165,3.97492,9800,3.49,road_less_50,100,,200,na,na
89,CSS05.07.1,5,7,1,Switzerland,0,0,0,0,6,78854.4,no,yes,yes,no,no,no,no,arable_crops,arable_crops,arable_crops,arable_crops,arable_crops,arable_crops,arable_crops,no,yes,no,yes,yes,no,no,no,no,no,yes,no,no,no,no,no,no,no,no,small,5.54,8.998667,43.28967,47.712,3.39356,6000,0,road_less_50,0,,,na,na
90,CSS05.07.2,5,7,2,Switzerland,0,0,0,0,10,110396.16,no,yes,yes,no,no,no,no,arable_crops,other_vegetable,arable_crops,arable_crops,arable_crops,arable_crops,arable_crops,no,yes,no,yes,yes,no,no,no,no,no,yes,no,no,no,no,no,no,no,no,small,5.86,8.9745,42.5915,48.434,3.79346,15000,,road_less_50,0,,,na,na
91,CSS05.08.1,5,8,1,Switzerland,2.25,22500,6830.5,17.08,4,47312.64,yes,yes,yes,no,no,no,no,orchards,orchards,orchards,orchards,orchards,orchards,orchards,yes,yes,no,na,no,yes,no,no,no,no,no,no,no,no,no,no,no,yes,no,small,5.66,8.823,35.5215,55.6555,8.39016,2400,0,road_less_50,100,,,na,na
92,CSS05.08.2,5,8,2,Switzerland,1.25,12500,115,0.29,16,386386.56,yes,yes,yes,no,no,no,no,greenhouse_vegetable,greenhouse_vegetable,arable_crops,arable_crops,arable_crops,arable_crops,mixed,yes,na,no,na,na,na,na,na,na,na,na,no,no,no,no,no,no,no,no,small,4.75,8.6305,33.206,58.164,4.53306,2000,3.49,road_less_50,,,,na,na
93,CSS05.09.1,5,9,1,Switzerland,0,0,0,0,9,165594.24,yes,yes,yes,no,yes,no,no,arable_crops,arable_crops,arable_crops,arable_crops,arable_crops,arable_crops,arable_crops,no,yes,no,yes,yes,na,na,no,no,na,no,no,no,no,no,no,no,no,no,small,5.65,7.8395,35.8475,56.313,2.45186,10000,3.49,road_more_80,0,,0,na,na
94,CSS05.09.2,5,9,2,Switzerland,0.25,2500,0.6,0,6,78854.4,yes,yes,yes,no,yes,no,no,arable_crops,arable_crops,arable_crops,arable_crops,arable_crops,arable_crops,arable_crops,no,yes,no,yes,yes,na,na,no,no,na,no,no,no,no,no,no,no,no,no,small,5.79,8.499,43.9295,47.572,2.03304,12000,5.24,road_more_80,1000,,100,na,na
95,CSS05.10.1,5,10,1,Switzerland,0,0,0,0,7,205021.44,yes,yes,yes,no,no,no,no,arable_crops,other_vegetable,arable_crops,other_vegetable,arable_crops,arable_crops,mixed,yes,no,yes,na,no,no,no,no,no,no,no,no,no,no,no,no,no,no,no,small,4.28,9.209,50.2875,40.503,2.55678,1200,0,road_less_50,0,,,na,na
96,CSS05.10.2,5,10,2,Switzerland,0.25,2500,0.1,0,4,70968.96,yes,yes,yes,no,no,no,no,arable_crops,other_vegetable,arable_crops,arable_crops,arable_crops,arable_crops,arable_crops,yes,yes,yes,na,no,no,no,no,no,no,yes,no,no,no,no,no,no,no,no,small,5.79,7.8215,50.1115,42.0665,2.5112,20000,0,road_less_50,0,,,na,na
97,CSS06.01.1,6,1,1,Austria,0,0,0,0,3.3333333,63083.52,no,yes,no,no,yes,no,yes,other_vegetable,other_vegetable,other_vegetable,other_vegetable,other_vegetable,other_vegetable,other_vegetable,yes,yes,no,no,no,yes,no,no,no,no,no,yes,no,no,no,no,no,no,no,small,7.555,13.6,57.65,28.7,2.05,22000,0,road_50,0,,30,na,2500
98,CSS06.01.2,6,1,2,Austria,0.5,5000,2731.5,6.83,1,7885.44,no,yes,no,no,no,no,yes,other_vegetable,arable_crops,arable_crops,na,na,mixed,mixed,yes,yes,no,no,yes,yes,no,no,no,no,no,yes,no,no,no,no,no,no,no,small,7.61,10.6,64.95,24.5,2.45,45000,0,road_50,100,,,na,2500
99,CSS06.02.1,6,2,1,Austria,3,30000,2806.5,7.02,2,47312.64,no,yes,no,no,no,no,no,other_vegetable,arable_crops,other_vegetable,greenhouse_vegetable,arable_crops,mixed,mixed,yes,yes,no,no,no,yes,no,no,no,no,no,yes,no,no,no,no,no,no,no,small-medium,7.685,18.5,29.35,52.15,3.35,72000,0,road_80,0,,,na,na
100,CSS06.02.2,6,2,2,Austria,2,20000,722.2,1.81,2,15770.88,no,yes,yes,no,no,no,no,other_vegetable,arable_crops,other_vegetable,greenhouse_vegetable,other_vegetable,other_vegetable,mixed,yes,yes,no,no,yes,no,yes,no,no,no,no,yes,no,no,no,no,no,no,no,small-medium,7.75,17.45,41.95,40.55,2.65,23000,0,road_less_50,0,,,na,na
101,CSS06.03.1,6,3,1,Austria,3.5,35000,6543.3,16.36,1,55198.08,no,no,yes,no,yes,no,no,arable_crops,arable_crops,other_vegetable,arable_crops,other_vegetable,arable_crops,mixed,no,yes,no,no,yes,yes,no,no,no,no,no,no,no,no,no,no,no,no,no,medium,7.615,15.1,40.15,44.75,3.35,83000,0,no,,,0,na,na
102,CSS06.03.2,6,3,2,Austria,0.5,5000,2525.1,6.31,2,47312.64,no,yes,no,no,yes,no,no,arable_crops,arable_crops,arable_crops,other_vegetable,arable_crops,arable_crops,arable_crops,yes,yes,no,no,yes,no,no,no,no,no,no,no,yes,no,no,no,no,no,no,medium,7.33,13,62.6,24.4,1.8,120000,0,road_80,0,,0,na,na
103,CSS06.04.1,6,4,1,Austria,0,0,0,0,2,23656.32,no,yes,no,no,no,no,no,other_vegetable,other_vegetable,other_vegetable,other_vegetable,arable_crops,other_vegetable,other_vegetable,no,yes,no,no,yes,no,no,no,no,yes,no,no,no,no,no,no,no,no,no,medium,7.59,22.85,36.05,41.1,2.6,29000,0,road_less_50,0,,,na,na
104,CSS06.04.2,6,4,2,Austria,0,0,0,0,1,86739.84,no,yes,no,no,no,no,no,other_vegetable,other_vegetable,arable_crops,na,na,mixed,mixed,no,yes,no,no,yes,no,no,no,no,yes,no,no,no,no,no,no,no,no,no,medium,7.66,15.3,49.75,34.9,2.25,17600,0,road_80,0,,,na,na
105,CSS06.05.1,6,5,1,Austria,0,0,0,0,2,504668.16,yes,yes,no,yes,no,no,no,other_vegetable,other_vegetable,arable_crops,arable_crops,arable_crops,arable_crops,mixed,yes,yes,no,no,no,yes,no,no,no,no,no,yes,yes,no,yes,no,no,yes,no,small,7.61,16.85,25.2,58,3.2,600,2.3,road_less_50,0,,,na,na
106,CSS06.05.2,6,5,2,Austria,0.5,5000,1163.1,2.91,1,7885.44,yes,yes,no,yes,no,no,no,other_vegetable,greenhouse_vegetable,arable_crops,arable_crops,arable_crops,arable_crops,mixed,yes,yes,no,no,no,yes,no,no,no,no,no,yes,yes,no,yes,no,no,no,yes,small,7.67,15.7,29.4,54.9,3.45,600,2.3,road_less_50,0,,,na,na
107,CSS06.06.1,6,6,1,Austria,1.25,12500,1052.9,2.63,6.3333333,375872.64,no,yes,yes,no,yes,no,no,other_vegetable,arable_crops,other_vegetable,other_vegetable,arable_crops,other_vegetable,mixed,yes,yes,no,na,yes,yes,no,no,no,no,no,no,no,no,no,no,no,yes,no,small,7.06,13.9,60.45,25.65,2.2,115000,0,road_80,0,,20,na,na
108,CSS06.06.2,6,6,2,Austria,2,20000,2309.2,5.77,7.6666667,315417.6,no,yes,no,no,yes,yes,no,arable_crops,arable_crops,na,arable_crops,other_vegetable,arable_crops,mixed,yes,yes,no,na,yes,yes,no,no,no,no,no,no,no,no,no,no,no,yes,no,small,7.68,10.4,60.6,29,1.7,149000,0,road_80,0,,0,500,na
109,CSS06.07.1,6,7,1,Austria,3,30000,11877,29.69,7,118281.6,no,yes,no,no,no,no,no,fallow,fallow,fallow,fallow,fallow,fallow,fallow,no,no,no,no,no,no,no,no,no,no,no,no,no,no,no,no,no,no,no,large,7.45,23.85,37.45,38.7,5.85,2500,0,road_50,20,,,na,na
110,CSS06.07.2,6,7,2,Austria,0,0,0,0,2,15770.88,no,yes,no,no,no,no,no,arable_crops,arable_crops,arable_crops,arable_crops,na,arable_crops,arable_crops,no,no,no,no,no,no,no,no,no,no,no,no,no,no,no,no,no,no,no,large,7.62,27.15,36.1,36.75,3.3,11000,0,dirtroad,,,,na,na
111,CSS06.08.1,6,8,1,Austria,1.5,15000,80.9,0.2,5,63083.52,no,yes,yes,no,no,no,no,other_vegetable,arable_crops,other_vegetable,arable_crops,other_vegetable,other_vegetable,mixed,yes,yes,no,yes,yes,no,no,no,no,no,no,yes,yes,no,no,no,yes,no,no,large,7.69,22.4,16.25,61.35,3.3,45000,0,dirtroad,,,,na,na
112,CSS06.08.2,6,8,2,Austria,0.25,2500,227.7,0.57,1,7885.44,no,yes,no,no,no,na,no,other_vegetable,other_vegetable,other_vegetable,other_vegetable,arable_crops,other_vegetable,other_vegetable,yes,yes,no,yes,yes,no,no,no,no,no,no,yes,yes,no,no,no,yes,no,no,large,7.695,17.7,35.8,46.5,2.45,20000,0,road_50,0,,,na,na
113,CSS06.09.1,6,9,1,Austria,0.75,7500,240.9,0.6,3,23656.32,no,yes,yes,no,yes,no,no,arable_crops,arable_crops,arable_crops,arable_crops,arable_crops,arable_crops,arable_crops,no,no,yes,yes,no,no,no,no,no,no,no,no,no,no,no,no,no,no,no,small,7.69,27.15,26.85,46,3.05,22500,0,road_less_50,0,,300,na,na
114,CSS06.09.2,6,9,2,Austria,0.25,2500,327.8,0.82,1,678147.84,no,yes,yes,no,yes,no,no,arable_crops,arable_crops,arable_crops,other_vegetable,arable_crops,arable_crops,arable_crops,no,no,yes,yes,no,no,no,no,no,no,no,no,no,no,no,no,no,no,no,small,7.71,25.1,30.5,44.4,3.15,24000,0,dirtroad,0,,300,na,na
115,CSS06.10.1,6,10,1,Austria,0,0,0,0,5.3333333,105139.2,na,na,na,na,na,no,na,other_vegetable,other_vegetable,other_vegetable,other_vegetable,other_vegetable,other_vegetable,other_vegetable,yes,no,na,na,no,no,no,no,no,no,no,yes,yes,no,no,no,no,no,no,small-medium,7.645,14.8,38.1,47.05,3.15,120000,,,,,,na,na
116,CSS06.10.2,6,10,2,Austria,0,0,0,0,1,583522.56,na,na,na,na,na,no,na,arable_crops,arable_crops,arable_crops,arable_crops,arable_crops,arable_crops,arable_crops,no,no,yes,na,no,no,no,no,no,no,no,no,no,no,no,no,no,no,no,small-medium,7.725,16.6,35.15,48.25,3.2,20000,,,,,,na,na
117,CSS06.11.1,6,11,1,Austria,0.5,5000,100,0.25,0.6666667,13142.4,no,yes,no,no,no,na,yes,other_vegetable,arable_crops,arable_crops,other_vegetable,arable_crops,arable_crops,mixed,no,no,no,no,no,no,no,no,no,no,no,no,no,no,no,no,no,no,no,small,7.6,22.15,24.85,53,4,65000,0,road_50,100,,,na,na
118,CSS06.11.2,6,11,2,Austria,0.5,5000,1267.2,3.17,0,0,no,yes,no,no,no,no,yes,other_vegetable,arable_crops,other_vegetable,other_vegetable,arable_crops,other_vegetable,mixed,no,no,no,no,no,no,no,no,no,no,no,no,no,no,no,no,no,no,no,small,7.67,25.95,20.65,53.45,3.7,15000,0,road_less_50,10,,,na,1000
119,CSS07.01.1,7,1,1,Italy,0,0,0,0,290.6666667,43963956.48,no,no,yes,no,no,no,no,arable_crops,greenhouse_vegetable,arable_crops,arable_crops,arable_crops,arable_crops,arable_crops,yes,no,no,yes,no,no,no,no,no,no,no,no,yes,no,yes,no,no,no,no,small-medium,6.93,68.58,3.13,28.28,1.44,65000,0,no,,,,na,na
120,CSS07.01.2,7,1,2,Italy,0,0,0,0,1,118281.6,no,yes,yes,no,no,no,no,greenhouse_vegetable,arable_crops,arable_crops,greenhouse_vegetable,arable_crops,arable_crops,mixed,yes,no,no,yes,no,no,no,no,no,no,no,no,yes,no,yes,no,no,no,no,small-medium,6.94,64.76,2,33.24,1.33,1.00E+05,0,road_more_80,50,,,na,na
121,CSS07.02.1,7,2,1,Italy,0.25,2500,29.2,0.07,1,7885.44,no,no,yes,no,no,no,no,arable_crops,arable_crops,arable_crops,greenhouse_vegetable,arable_crops,arable_crops,arable_crops,yes,yes,no,yes,no,no,no,no,no,no,yes,no,yes,no,yes,no,no,no,no,small-medium,7.37,17.19,37.64,45.17,1.005,1.00E+05,0,no,,,,na,na
122,CSS07.02.2,7,2,2,Italy,0,0,0,0,7,268104.96,no,no,yes,no,no,no,no,arable_crops,arable_crops,arable_crops,arable_crops,arable_crops,arable_crops,arable_crops,no,no,no,yes,no,no,no,no,no,no,no,no,no,no,no,no,no,no,no,small-medium,7.335,27.5,15.34,57.16,1.065,65000,0,no,,,,na,na
123,CSS07.03.1,7,3,1,Italy,2.75,27500,589.98,1.47,2,55198.08,no,yes,yes,no,no,no,no,greenhouse_vegetable,arable_crops,greenhouse_vegetable,arable_crops,arable_crops,arable_crops,mixed,yes,yes,no,yes,yes,yes,no,no,no,no,no,no,yes,no,yes,no,no,no,no,small,6.76,40.29,11.1,48.6,1.305,120000,0,road_50,50,,,na,na
124,CSS07.03.2,7,3,2,Italy,0,0,0,0,0,0,no,yes,yes,no,no,no,no,greenhouse_vegetable,arable_crops,greenhouse_vegetable,arable_crops,greenhouse_vegetable,greenhouse_vegetable,mixed,yes,yes,no,yes,yes,no,no,no,no,no,yes,no,yes,no,yes,no,no,no,no,small,6.925,33.56,13.1,53.34,1.795,40000,0,road_50,50,,,na,na
125,CSS07.04.1,7,4,1,Italy,0.25,2500,555.9,1.39,0,0,no,yes,yes,no,no,no,no,greenhouse_vegetable,arable_crops,greenhouse_vegetable,arable_crops,greenhouse_vegetable,greenhouse_vegetable,mixed,yes,no,no,yes,no,no,no,no,no,no,no,no,yes,no,yes,no,no,no,no,small,6.735,40.25,6.32,53.43,1.47,1.00E+05,0,road_50,50,,,na,na
126,CSS07.04.2,7,4,2,Italy,0,0,0,0,0,0,no,yes,yes,no,no,no,no,greenhouse_vegetable,arable_crops,greenhouse_vegetable,arable_crops,greenhouse_vegetable,greenhouse_vegetable,mixed,yes,no,no,yes,no,no,no,no,no,no,no,no,yes,no,yes,no,no,no,no,small,5.8,33.82,16.37,49.81,1.265,43000,0,road_50,50,,,na,na
127,CSS07.05.1,7,5,1,Italy,0.5,5000,415.6,1.04,1,70968.96,no,yes,yes,no,no,no,no,greenhouse_vegetable,arable_crops,greenhouse_vegetable,arable_crops,greenhouse_vegetable,greenhouse_vegetable,mixed,yes,no,no,yes,no,no,no,no,no,no,no,no,yes,no,yes,no,no,no,no,medium-large,5.99,44.48,8.62,46.9,1.285,13000,0,road_50,50,,,na,na
128,CSS07.05.2,7,5,2,Italy,0,0,0,0,0,0,no,yes,yes,no,no,no,no,greenhouse_vegetable,arable_crops,greenhouse_vegetable,arable_crops,greenhouse_vegetable,greenhouse_vegetable,mixed,yes,no,no,yes,no,no,no,no,no,no,no,no,yes,no,yes,no,no,no,no,medium-large,5.385,41.05,22.09,36.86,0.965,11000,0,road_50,50,,,na,na
129,CSS07.06.1,7,6,1,Italy,1.25,12500,145.7,0.36,1,134052.48,no,no,yes,no,no,no,no,other_vegetable,other_vegetable,other_vegetable,arable_crops,arable_crops,other_vegetable,mixed,yes,yes,no,no,no,no,no,no,no,no,yes,yes,yes,no,yes,no,no,no,no,medium-large,5.99,46.57,10,43.43,1.93,48000,0,no,,,,na,na
130,CSS07.06.2,7,6,2,Italy,0.25,2500,6.4,0.02,0,0,yes,yes,no,no,no,no,no,arable_crops,arable_crops,arable_crops,arable_crops,orchards,arable_crops,arable_crops,yes,no,no,no,no,no,no,no,no,no,no,no,yes,no,no,no,no,no,no,medium-large,6.82,44.33,13.42,42.25,2.015,28000,0,road_50,100,,,na,na
131,CSS07.07.1,7,7,1,Italy,0.5,5000,4980.1,12.45,0.5,958080.96,no,no,yes,no,yes,no,no,arable_crops,arable_crops,greenhouse_vegetable,greenhouse_vegetable,greenhouse_vegetable,greenhouse_vegetable,mixed,yes,yes,no,yes,yes,no,no,no,no,yes,yes,yes,yes,no,no,no,no,no,yes,small,7.69,52.71,7.79,39.5,1.435,8000,0,no,,,150,na,na
132,CSS07.07.2,7,7,2,Italy,1,10000,2062.8,5.16,0,0,no,no,yes,no,yes,no,no,arable_crops,arable_crops,other_vegetable,other_vegetable,other_vegetable,other_vegetable,mixed,yes,yes,no,yes,yes,no,no,no,no,yes,yes,no,yes,no,no,no,no,no,no,small,7.765,39.43,18.57,42,1.115,8000,0,no,,,150,na,na
133,CSS07.08.1,7,8,1,Italy,0,0,0,0,12,252334.08,no,yes,yes,no,no,no,no,other_vegetable,other_vegetable,other_vegetable,other_vegetable,other_vegetable,other_vegetable,other_vegetable,no,yes,no,no,no,no,no,no,no,no,yes,no,no,no,no,no,no,no,no,small,7.57,3.14,93.07,3.79,0.4,15000,0,road_80,0,,,na,na
134,CSS07.08.2,7,8,2,Italy,0,0,0,0,2,47312.64,no,yes,yes,no,no,no,no,greenhouse_vegetable,other_vegetable,arable_crops,other_vegetable,arable_crops,mixed,mixed,yes,yes,no,no,no,no,no,yes,no,no,yes,yes,yes,no,no,no,no,no,yes,small,7.47,6.64,84.29,9.07,0.64,15000,0,road_80,0,,,na,na
135,CSS07.09.1,7,9,1,Italy,0,0,0,0,11,630835.2,no,yes,yes,no,no,no,no,arable_crops,arable_crops,arable_crops,arable_crops,other_vegetable,arable_crops,arable_crops,no,yes,na,no,no,yes,no,no,no,no,no,no,no,no,no,no,na,no,no,small,7.135,31.14,47.43,21.43,1.405,30000,0,dirtroad,,,,na,na
136,CSS07.09.2,7,9,2,Italy,2.25,22500,3955.5,9.89,18,317388.96,no,no,yes,no,no,no,no,orchards,orchards,orchards,orchards,orchards,orchards,orchards,yes,yes,no,yes,no,yes,no,no,no,no,no,no,yes,no,no,no,no,yes,no,small,6.71,34.57,47.57,17.86,1.42,30000,0,no,,,,na,na
137,CSS07.10.1,7,10,1,Italy,1,10000,385.1,0.96,39,528324.48,no,no,yes,no,no,no,no,orchards,orchards,orchards,orchards,orchards,orchards,orchards,yes,no,no,no,no,no,no,no,no,no,no,no,yes,yes,no,no,no,yes,no,medium,6.865,43.86,38.64,17.5,1.085,9000,0,no,,,,na,na
138,CSS07.10.2,7,10,2,Italy,4.5,45000,42543.2,106.36,5,141937.92,no,no,yes,no,yes,no,no,orchards,orchards,orchards,orchards,orchards,orchards,orchards,yes,yes,no,no,yes,yes,yes,no,no,no,yes,no,yes,yes,no,no,no,yes,no,medium,7.03,28.21,46.43,25.36,1.775,1000,2,no,,,200,na,na
139,CSS08.01.1,8,1,1,Greece,0.75,7500,7436,18.59,76,1845192.96,no,yes,yes,no,no,no,no,orchards,orchards,orchards,orchards,orchards,orchards,orchards,yes,yes,no,no,yes,no,no,no,no,no,no,no,no,no,no,no,no,yes,no,na,7.245,na,na,na,4.475,13000,0,road_unspecified,500,,,na,na
140,CSS08.01.2,8,1,2,Greece,0.25,2500,687.3,1.72,141,2771732.16,no,yes,yes,no,no,no,no,orchards,orchards,orchards,orchards,orchards,orchards,orchards,yes,yes,no,no,yes,no,no,no,no,no,no,no,no,no,no,no,no,yes,no,na,7.13,na,na,na,6.975,7000,0,road_unspecified,1000,,,na,na
141,CSS08.02.1,8,2,1,Greece,0.5,5000,3950.5,9.88,3,110396.16,yes,yes,yes,no,no,no,no,orchards,orchards,orchards,orchards,orchards,orchards,orchards,yes,no,no,no,no,no,no,no,no,no,no,no,no,no,no,no,no,yes,no,na,7.14,na,na,na,6.305,1000,0,road_unspecified,0,,,na,na
142,CSS08.02.2,8,2,2,Greece,0.5,5000,8027.4,20.07,na,na,yes,yes,yes,no,no,no,no,orchards,orchards,orchards,orchards,orchards,orchards,orchards,yes,no,no,no,no,no,no,no,no,no,no,no,no,no,no,no,no,yes,no,na,7.18,na,na,na,6.79,1000,0,road_unspecified,10,,,na,na
143,CSS08.03.1,8,3,1,Greece,0,0,0,0,3.5,350902.08,no,yes,yes,no,no,no,no,orchards,orchards,orchards,orchards,orchards,orchards,orchards,yes,no,no,no,no,no,no,no,no,no,no,no,no,no,no,no,no,yes,no,na,6.795,na,na,na,5.77,1000,0,dirtroad,500,,,na,na
144,CSS08.03.2,8,3,2,Greece,0.75,7500,2297.9,5.74,47,922596.48,no,yes,yes,no,no,no,no,orchards,orchards,orchards,orchards,orchards,orchards,orchards,yes,no,no,no,no,no,no,no,no,no,no,no,no,no,no,no,no,yes,no,na,7.16,na,na,na,5.92,1500,0,dirtroad,,,,na,na
145,CSS08.04.1,8,4,1,Greece,0.5,5000,6437.7,16.09,0,0,no,yes,yes,yes,no,no,no,orchards,orchards,orchards,orchards,orchards,orchards,orchards,yes,no,no,no,no,no,no,no,no,no,no,no,yes,no,no,no,no,yes,no,na,7.16,na,na,na,5.68,4000,0,road_50,0,,,na,na
146,CSS08.04.2,8,4,2,Greece,0,0,0,0,4,228677.76,no,yes,yes,yes,no,no,no,orchards,orchards,orchards,orchards,orchards,orchards,orchards,yes,no,no,no,no,no,no,no,no,no,no,no,yes,no,no,no,no,yes,no,na,7.13,na,na,na,6.66,6000,0,road_50,0,,,na,na
147,CSS08.05.1,8,5,1,Greece,0.25,2500,137.2,0.34,6,315417.6,no,yes,yes,no,no,no,no,orchards,orchards,orchards,orchards,orchards,orchards,orchards,yes,no,no,no,no,no,no,no,no,no,no,no,yes,no,no,no,no,yes,no,na,7.12,na,na,na,5.15,15000,0,dirtroad,,,,na,na
148,CSS08.05.2,8,5,2,Greece,0.5,5000,5916.6,14.79,19,1742682.24,no,yes,yes,no,no,no,no,orchards,orchards,orchards,orchards,orchards,orchards,orchards,yes,no,no,no,no,no,no,no,no,no,no,no,yes,no,no,no,no,yes,no,na,7.165,na,na,na,6.265,6000,13,dirtroad,,,,na,na
149,CSS08.06.1,8,6,1,Greece,2,20000,14784.3,36.96,146,6150643.2,yes,yes,yes,yes,no,no,no,other_vegetable,other_vegetable,other_vegetable,other_vegetable,other_vegetable,other_vegetable,other_vegetable,yes,yes,no,no,yes,no,no,no,no,yes,no,no,yes,no,no,yes,no,no,no,na,7.135,na,na,na,2.46,2000,0,road_unspecified,50,,,na,na
150,CSS08.06.2,8,6,2,Greece,1.75,17500,6756.3,16.89,100,3564218.88,yes,yes,yes,yes,no,no,no,other_vegetable,other_vegetable,other_vegetable,other_vegetable,other_vegetable,other_vegetable,other_vegetable,yes,yes,no,no,yes,no,no,no,no,yes,no,no,yes,no,no,yes,no,no,no,na,7.195,na,na,na,2.175,1000,0,road_less_50,50,,,na,na
151,CSS08.07.1,8,7,1,Greece,2,20000,20773.6,51.93,28,938367.36,yes,yes,yes,no,no,no,no,other_vegetable,other_vegetable,other_vegetable,other_vegetable,other_vegetable,other_vegetable,other_vegetable,yes,yes,no,no,no,yes,no,no,no,no,no,no,yes,no,no,yes,no,no,no,na,7.255,na,na,na,1.905,1000,0,road_less_50,10,,,na,na
152,CSS08.07.2,8,7,2,Greece,1.75,17500,15365.5,38.41,45,2933383.68,yes,yes,yes,no,no,no,no,other_vegetable,other_vegetable,other_vegetable,other_vegetable,other_vegetable,other_vegetable,other_vegetable,yes,yes,no,no,no,yes,no,no,no,no,no,no,yes,no,no,yes,no,no,no,na,7.215,na,na,na,1.755,1000,0,road_less_50,100,,,na,na
153,CSS08.08.1,8,8,1,Greece,0.75,7500,1183.2,2.96,176,7570022.4,no,yes,yes,yes,no,no,no,greenhouse_vegetable,greenhouse_vegetable,greenhouse_vegetable,greenhouse_vegetable,greenhouse_vegetable,greenhouse_vegetable,greenhouse_vegetable,yes,yes,no,no,yes,no,no,no,no,yes,no,yes,yes,no,no,yes,yes,no,no,na,7.215,na,na,na,2.645,4000,0,road_less_50,10,,,na,na
154,CSS08.08.2,8,8,2,Greece,0.5,5000,72.2,0.18,19,1277441.28,no,yes,yes,yes,no,no,no,greenhouse_vegetable,greenhouse_vegetable,greenhouse_vegetable,greenhouse_vegetable,greenhouse_vegetable,greenhouse_vegetable,greenhouse_vegetable,yes,yes,no,no,yes,no,no,no,no,yes,no,yes,yes,no,no,yes,yes,no,no,na,7.24,na,na,na,3,4000,0,road_less_50,10,,,na,na
155,CSS08.09.1,8,9,1,Greece,1,10000,1447.3,3.62,21,575637.12,no,yes,yes,yes,no,no,no,greenhouse_vegetable,greenhouse_vegetable,greenhouse_vegetable,greenhouse_vegetable,greenhouse_vegetable,greenhouse_vegetable,greenhouse_vegetable,yes,yes,no,no,yes,no,no,no,no,yes,no,yes,yes,no,no,yes,yes,no,no,na,7.21,na,na,na,2.905,2000,0,road_less_50,10,,,na,na
156,CSS08.09.2,8,9,2,Greece,2.25,22500,2705.9,6.76,42,875283.84,no,yes,yes,yes,no,no,no,greenhouse_vegetable,greenhouse_vegetable,greenhouse_vegetable,greenhouse_vegetable,greenhouse_vegetable,greenhouse_vegetable,greenhouse_vegetable,yes,yes,no,no,yes,no,no,no,no,yes,no,yes,yes,no,no,yes,yes,no,no,na,7.295,na,na,na,3.1,2000,0,road_less_50,10,,,na,na
157,CSS08.10.1,8,10,1,Greece,0.25,2500,4874.7,12.19,71,2010787.2,no,yes,yes,yes,no,no,no,greenhouse_vegetable,greenhouse_vegetable,greenhouse_vegetable,greenhouse_vegetable,greenhouse_vegetable,greenhouse_vegetable,greenhouse_vegetable,yes,yes,no,no,yes,no,no,no,no,yes,no,yes,yes,no,no,yes,yes,no,no,na,7.225,na,na,na,3.075,4000,0,road_less_50,10,,,na,na
158,CSS08.10.2,8,10,2,Greece,0,0,0,0,20,1387837.44,no,yes,yes,yes,no,no,no,greenhouse_vegetable,greenhouse_vegetable,greenhouse_vegetable,greenhouse_vegetable,greenhouse_vegetable,greenhouse_vegetable,greenhouse_vegetable,yes,yes,no,no,yes,no,no,no,no,yes,no,yes,yes,no,no,yes,yes,no,no,na,7.255,na,na,na,3.345,4000,0,road_less_50,10,,,na,na
159,CSS09.02.1,9,2,1,Austria,0,0,0,0,0,0,yes,yes,yes,no,no,no,no,other_vegetable,arable_crops,arable_crops,greenhouse_vegetable,greenhouse_vegetable,mixed,mixed,yes,yes,no,no,no,yes,no,no,no,no,no,yes,no,no,no,no,no,no,no,large,7.44,17.75,35.95,46.3,2.2,25000,0,roads_unspecified,,,,na,na
160,CSS09.02.2,9,2,2,Austria,0.25,2500,4.3,0.01,0,0,no,no,yes,no,no,no,no,greenhouse_vegetable,greenhouse_vegetable,arable_crops,arable_crops,na,mixed,mixed,yes,yes,no,no,no,no,no,no,no,no,no,yes,no,no,no,no,no,yes,no,large,7.395,17.45,33.7,48.8,2.9,7000,0,,,,,na,na
161,CSS09.03.1,9,3,1,Austria,0,0,0,0,0,0,no,yes,yes,no,no,no,no,other_vegetable,greenhouse_vegetable,arable_crops,arable_crops,greenhouse_vegetable,mixed,mixed,no,no,no,yes,no,no,no,no,no,no,no,yes,no,no,no,no,no,no,yes,large,6.865,17.4,8.2,74.4,2.25,60000,0,road_less_50,,,,na,na
162,CSS09.03.2,9,3,2,Austria,0.25,2500,21.3,0.05,0,0,no,yes,yes,no,no,no,no,arable_crops,other_vegetable,greenhouse_vegetable,arable_crops,arable_crops,arable_crops,mixed,yes,no,no,yes,no,no,no,no,no,no,no,yes,no,no,no,no,no,no,no,large,6.525,21.4,8,70.65,2.25,62000,0,road_less_50,,,,na,na
163,CSS09.04.1,9,4,1,Austria,7.25,72500,4633.6,11.58,8,985680,yes,yes,no,no,no,no,no,arable_crops,other_vegetable,greenhouse_vegetable,other_vegetable,other_vegetable,other_vegetable,mixed,yes,yes,no,yes,no,no,no,no,no,no,yes,yes,no,no,no,no,no,yes,no,large,7.265,8.1,56,35.9,2.6,35000,0,road_less_50,,,,na,na
164,CSS09.04.2,9,4,2,Austria,5.5,55000,1124.1,2.81,21.5,3509020.8,yes,yes,no,no,no,no,no,greenhouse_vegetable,other_vegetable,other_vegetable,greenhouse_vegetable,other_vegetable,other_vegetable,mixed,yes,yes,no,yes,no,no,no,no,no,no,yes,yes,no,no,no,no,no,no,no,large,7.46,10.45,32.7,56.8,2.6,37000,0,roads_unspecified,,,,na,na
165,CSS09.05.1,9,5,1,Austria,0.25,2500,236,0.59,13,465240.96,yes,yes,no,no,no,no,no,greenhouse_vegetable,arable_crops,arable_crops,other_vegetable,other_vegetable,mixed,mixed,no,yes,no,no,no,yes,no,no,no,no,yes,yes,no,no,no,no,no,no,yes,medium,7.48,11.1,43.1,45.75,2.35,29000,0,road_less_50,,,,na,na
166,CSS09.05.2,9,5,2,Austria,0.75,7500,1230.5,3.08,8,118281.6,no,yes,yes,no,yes,no,no,other_vegetable,other_vegetable,greenhouse_vegetable,other_vegetable,greenhouse_vegetable,other_vegetable,mixed,no,yes,no,no,no,yes,no,no,no,no,yes,yes,no,no,no,no,no,no,yes,medium,7.365,8.7,53.95,37.35,2.45,32000,0,road_less_50,,,100,na,na
167,CSS09.06.1,9,6,1,Austria,0,0,0,0,16,370615.68,no,yes,no,no,yes,no,yes,other_vegetable,greenhouse_vegetable,orchards,na,na,mixed,mixed,yes,yes,no,no,yes,yes,no,yes,no,no,yes,yes,no,no,no,no,no,yes,yes,small,7.14,15.05,21.85,63.1,9.55,22.5,0,roads_unspecified,200,,200,na,200
168,CSS09.06.2,9,6,2,Austria,0.5,5000,1291.5,3.23,13,496782.72,no,yes,no,no,yes,no,yes,other_vegetable,other_vegetable,other_vegetable,greenhouse_vegetable,arable_crops,other_vegetable,mixed,yes,yes,no,no,yes,yes,no,yes,no,no,yes,yes,no,no,no,no,no,yes,no,small,7.065,15.85,21.8,62.35,7.45,22.5,0,roads_unspecified,200,,200,na,200
169,CSS09.07.1,9,7,1,Austria,0,0,0,0,4,102510.72,yes,yes,yes,no,yes,no,no,arable_crops,arable_crops,arable_crops,arable_crops,na,arable_crops,arable_crops,no,no,no,no,no,no,no,no,no,no,no,no,no,no,no,no,no,no,no,medium,6.5,6.3,71.25,22.45,2.9,15000,2,roads_unspecified,,,400,na,na
170,CSS09.07.2,9,7,2,Austria,0,0,0,0,5,86739.84,yes,yes,yes,no,no,no,no,arable_crops,arable_crops,other_vegetable,arable_crops,arable_crops,arable_crops,arable_crops,no,no,no,no,no,no,no,no,no,no,no,no,no,no,no,no,no,no,no,medium,6.355,7.95,67.1,25,2.8,10700,2,roads_unspecified,0,,,na,na
171,CSS09.08.1,9,8,1,Austria,0,0,0,0,6,252334.08,no,yes,yes,no,no,no,no,arable_crops,arable_crops,arable_crops,arable_crops,arable_crops,arable_crops,arable_crops,no,yes,na,na,yes,no,no,no,no,no,yes,no,no,no,no,no,no,no,no,medium,6.595,14.35,45.55,40.05,1.9,40000,0,,,,,na,na
172,CSS09.08.2,9,8,2,Austria,0,0,0,0,2,228677.76,yes,yes,yes,no,no,no,no,arable_crops,arable_crops,arable_crops,other_vegetable,arable_crops,arable_crops,arable_crops,no,yes,na,na,yes,no,no,no,no,no,yes,no,no,no,no,no,no,no,no,medium,7.45,24.15,19.8,56.05,3.25,37000,0,roads_unspecified,,,,na,na
173,CSS09.09.1,9,9,1,Austria,0,0,0,0,2,134052.48,no,no,yes,no,no,no,no,arable_crops,arable_crops,arable_crops,arable_crops,arable_crops,arable_crops,arable_crops,no,yes,no,yes,yes,no,no,no,no,no,no,no,no,no,no,no,no,no,no,small,6.715,14.25,29.35,56.45,3.3,40000,0,,,,,na,na
174,CSS09.09.2,9,9,2,Austria,0,0,0,0,294.6666667,36286166.4,no,no,yes,no,yes,no,no,arable_crops,arable_crops,arable_crops,arable_crops,arable_crops,arable_crops,arable_crops,no,yes,no,yes,yes,no,no,no,no,no,no,no,no,no,no,no,no,no,no,small,5.495,14.9,39.3,45.75,2.35,20000,2,,,,200,na,na
175,CSS09.10.1,9,10,1,Austria,0,0,0,0,7,236563.2,no,yes,yes,no,no,no,yes,arable_crops,arable_crops,arable_crops,arable_crops,arable_crops,arable_crops,arable_crops,no,no,no,yes,no,no,no,no,no,no,no,no,no,no,no,no,no,no,no,medium,6.82,16.9,16.95,66.15,2,120,0,road_80,0,,,na,300
176,CSS09.10.2,9,10,2,Austria,0,0,0,0,17,228677.76,no,yes,yes,no,no,no,yes,arable_crops,arable_crops,arable_crops,arable_crops,arable_crops,arable_crops,arable_crops,no,yes,no,yes,no,yes,no,no,no,no,no,no,no,no,no,no,no,no,no,medium,6.915,16.8,16.25,66.9,2.4,120,0,road_80,0,,,na,300
177,CSS10.01.1,10,1,1,Spain,21,210000,27250.6,68.13,13,1537660.8,na,na,na,na,na,na,na,na,na,na,na,na,other_vegetable,other_vegetable,na,na,na,na,na,na,na,na,na,na,na,na,na,na,na,na,na,na,na,medium,na,na,na,na,na,na,,,,,,na,na
178,CSS10.01.2,10,1,2,Spain,14.5,145000,28038.1,70.1,20,1324753.92,na,na,na,na,na,na,na,na,na,na,na,na,other_vegetable,other_vegetable,na,na,na,na,na,na,na,na,na,na,na,na,na,na,na,na,na,na,na,medium,na,na,na,na,na,na,,,,,,na,na
179,CSS10.02.1,10,2,1,Spain,6.5,65000,3239.5,8.1,10,165594.24,no,na,yes,yes,na,no,no,other_vegetable,other_vegetable,other_vegetable,other_vegetable,other_vegetable,other_vegetable,other_vegetable,yes,yes,no,no,yes,no,no,no,yes,no,yes,yes,yes,no,no,no,no,no,no,medium,na,na,na,na,na,10900,2.5,,,,,na,na
180,CSS10.02.2,10,2,2,Spain,10,100000,3978.5,9.95,5,157708.8,no,na,yes,yes,na,no,no,other_vegetable,other_vegetable,other_vegetable,other_vegetable,other_vegetable,other_vegetable,other_vegetable,yes,yes,no,no,yes,no,no,no,yes,no,yes,yes,yes,no,no,no,no,no,yes,medium,na,na,na,na,na,10900,2.5,,,,,na,na
181,CSS10.03.1,10,3,1,Spain,0.25,2500,49.7,0.12,2,15770.88,no,na,no,yes,yes,no,no,orchards,orchards,orchards,orchards,orchards,orchards,orchards,yes,yes,no,no,yes,no,no,no,yes,no,yes,no,yes,no,no,no,no,no,no,small,na,na,na,na,na,32500,12.7,,,,,na,na
182,CSS10.03.2,10,3,2,Spain,2.25,22500,364.7,0.91,4,275990.4,no,na,no,yes,yes,no,no,orchards,orchards,orchards,orchards,orchards,orchards,orchards,yes,yes,no,no,yes,no,no,no,yes,no,yes,no,yes,no,no,no,no,no,no,small,na,na,na,na,na,32500,10,,,,,na,na
183,CSS10.04.1,10,4,1,Spain,5.5,55000,11381.8,28.45,4.666667,1637543.04,yes,na,yes,yes,no,no,no,orchards,orchards,orchards,orchards,orchards,orchards,orchards,yes,yes,no,no,yes,no,no,no,yes,no,yes,no,yes,no,no,no,no,no,no,small,na,na,na,na,na,34000,0.8,,,,,na,na
184,CSS10.04.2,10,4,2,Spain,12.25,122500,96611.2,241.53,1,394272,yes,na,yes,yes,no,no,no,greenhouse_vegetable,greenhouse_vegetable,greenhouse_vegetable,greenhouse_vegetable,greenhouse_vegetable,greenhouse_vegetable,greenhouse_vegetable,yes,yes,no,no,yes,no,no,no,yes,no,yes,no,yes,no,no,no,yes,no,no,small,na,na,na,na,na,34000,0.8,,,,,na,na
185,CSS10.05.1,10,5,1,Spain,12.75,127500,17064.7,42.66,15,1285326.72,no,yes,yes,no,no,no,no,greenhouse_vegetable,greenhouse_vegetable,greenhouse_vegetable,greenhouse_vegetable,greenhouse_vegetable,greenhouse_vegetable,greenhouse_vegetable,yes,yes,no,na,yes,no,no,no,yes,no,no,yes,yes,no,no,no,yes,no,no,medium,na,na,na,na,na,14000,0.9,road_more_80,0,,,na,na
186,CSS10.05.2,10,5,2,Spain,12.5,125000,52072.1,130.18,9,378501.12,no,yes,yes,no,no,no,no,greenhouse_vegetable,greenhouse_vegetable,greenhouse_vegetable,greenhouse_vegetable,greenhouse_vegetable,greenhouse_vegetable,greenhouse_vegetable,yes,yes,no,na,yes,no,no,no,yes,no,yes,yes,yes,no,no,no,no,no,no,medium,na,na,na,na,na,14000,0.9,road_more_80,0,,,na,na
187,CSS10.06.1,10,6,1,Spain,4.25,42500,4771.7,11.93,17,615064.32,no,na,yes,yes,no,no,no,greenhouse_vegetable,greenhouse_vegetable,arable_crops,arable_crops,arable_crops,arable_crops,mixed,yes,yes,no,no,yes,no,yes,no,no,no,yes,no,yes,no,no,no,no,no,no,small,na,na,na,na,na,7068,2,,,,,na,na
188,CSS10.06.2,10,6,2,Spain,5.25,52500,8515.7,21.29,13,291761.28,no,na,yes,yes,no,no,no,greenhouse_vegetable,greenhouse_vegetable,greenhouse_vegetable,greenhouse_vegetable,greenhouse_vegetable,greenhouse_vegetable,greenhouse_vegetable,yes,yes,no,no,yes,no,yes,no,no,no,yes,na,yes,no,no,no,no,no,no,small,na,na,na,na,na,7068,2,,,,,na,na
189,CSS10.07.1,10,7,1,Spain,1.75,17500,10815.7,27.04,9,2081756.16,na,na,na,na,na,na,na,na,na,na,na,na,other_vegetable,other_vegetable,na,na,na,na,na,na,na,na,na,na,na,na,na,na,na,na,na,na,na,medium,na,na,na,na,na,na,,,,,,na,na
190,CSS10.07.2,10,7,2,Spain,2,20000,13715.4,34.29,1,804314.88,na,na,na,na,na,na,na,na,na,na,na,na,other_vegetable,other_vegetable,na,na,na,na,na,na,na,na,na,na,na,na,na,na,na,na,na,na,na,medium,na,na,na,na,na,na,,,,,,na,na
191,CSS10.08.1,10,8,1,Spain,5.25,52500,28952.7,72.38,25,1096076.16,na,na,na,na,na,na,na,na,na,na,na,na,other_vegetable,other_vegetable,na,na,na,na,na,na,na,na,na,na,na,na,na,na,na,na,na,na,na,medium,na,na,na,na,na,na,,,,,,na,na
192,CSS10.08.2,10,8,2,Spain,1.5,15000,19070.5,47.68,8,914711.04,na,na,na,na,na,na,na,na,na,na,na,na,other_vegetable,other_vegetable,na,na,na,na,na,na,na,na,na,na,na,na,na,na,na,na,na,na,na,medium,na,na,na,na,na,na,,,,,,na,na
193,CSS10.09.1,10,9,1,Spain,3.75,37500,4158.6,10.4,5,70968.96,na,na,na,na,na,na,na,na,na,na,na,na,other_vegetable,other_vegetable,na,na,na,na,na,na,na,na,na,na,na,na,na,na,na,na,na,na,na,na,na,na,na,na,na,na,,,,,,na,na
194,CSS10.09.2,10,9,2,Spain,4.25,42500,34860.5,87.15,5,212906.88,na,na,na,na,na,na,na,na,na,na,na,na,other_vegetable,other_vegetable,na,na,na,na,na,na,na,na,na,na,na,na,na,na,na,na,na,na,na,na,na,na,na,na,na,na,,,,,,na,na
195,CSS10.10.1,10,10,1,Spain,3.75,37500,5473.3,13.68,3,205021.44,na,na,na,na,na,na,na,na,na,na,na,na,other_vegetable,other_vegetable,na,na,na,na,na,na,na,na,na,na,na,na,na,na,na,na,na,na,na,na,na,na,na,na,na,na,,,,,,na,na
196,CSS10.10.2,10,10,2,Spain,2.75,27500,10646.9,26.62,6,1103961.6,na,na,na,na,na,na,na,na,na,na,na,na,other_vegetable,other_vegetable,na,na,na,na,na,na,na,na,na,na,na,na,na,na,na,na,na,na,na,na,na,na,na,na,na,na,,,,,,na,na
197,CSS11.01.1,11,1,1,France,6.25,62500,2090.2,5.23,9,717575.04,yes,yes,no,no,yes,yes,no,orchards,orchards,orchards,orchards,orchards,orchards,orchards,yes,yes,no,yes,no,no,no,no,no,no,no,no,no,no,no,no,no,no,no,small,8.05,30,13,57,3.485,5200,8.75,road_80,0,,800,500,na
198,CSS11.01.2,11,1,2,France,13.5,135000,8872.8,22.18,3,1119732.48,no,yes,yes,no,yes,yes,no,orchards,orchards,orchards,orchards,orchards,orchards,orchards,yes,yes,no,yes,no,no,no,no,no,no,no,no,no,no,no,no,no,no,no,small,8.05,30,18,53,4.045,6600,8.75,road_80,200,,1000,700,na
199,CSS11.02.1,11,2,1,France,0.5,5000,116.9,0.29,4,575637.12,no,no,yes,no,yes,no,no,orchards,orchards,orchards,orchards,orchards,orchards,orchards,yes,yes,no,no,yes,no,yes,no,no,no,no,no,no,no,no,no,no,no,no,small,8.25,31,26,43,2.755,2600,8.75,,,,500,na,na
200,CSS11.02.2,11,2,2,France,1.5,15000,452.9,1.13,36,1080305.28,no,no,yes,no,yes,no,no,orchards,orchards,orchards,orchards,orchards,orchards,orchards,yes,yes,no,no,yes,no,yes,no,no,no,no,no,no,no,no,no,no,no,no,small,8.2,39,17,44,3.21,7500,8.75,,,,300,na,na
201,CSS11.03.1,11,3,1,France,0.5,5000,190,0.48,2,31541.76,no,no,yes,no,yes,no,no,orchards,orchards,orchards,orchards,orchards,orchards,orchards,yes,yes,no,yes,no,yes,no,no,no,no,no,no,no,no,no,no,no,no,yes,medium,7.95,45,23,32,5.08,18000,8.75,,,,1000,na,na
202,CSS11.03.2,11,3,2,France,0.5,5000,642.9,1.61,10,165594.24,no,yes,yes,yes,yes,no,no,orchards,orchards,orchards,orchards,orchards,orchards,orchards,yes,yes,no,no,no,yes,no,no,no,no,no,no,no,no,no,no,no,no,yes,medium,8,32,33,36,4.925,10000,8.75,road_80,50,,1500,na,na
203,CSS11.04.1,11,4,1,France,0.75,7500,670.2,1.68,0,0,no,no,yes,no,yes,no,no,orchards,orchards,orchards,orchards,orchards,orchards,orchards,yes,yes,no,yes,no,no,no,no,no,no,no,no,yes,no,no,no,no,no,no,na,8.15,39,22,39,4.52,18000,8.75,,,,300,na,na
204,CSS11.04.2,11,4,2,France,0.75,7500,431.5,1.08,0,0,yes,yes,no,no,yes,no,no,orchards,orchards,orchards,orchards,orchards,orchards,orchards,yes,yes,no,yes,no,no,no,no,no,no,no,no,yes,no,no,no,no,no,no,na,8.15,37,25,38,3.985,2900,8.75,roads_unspecified,100,,1000,na,na
205,CSS11.05.1,11,5,1,France,0.75,7500,678.4,1.7,5,110396.16,no,no,yes,no,yes,no,no,orchards,orchards,orchards,orchards,orchards,orchards,orchards,yes,yes,no,yes,no,yes,no,no,no,no,no,no,no,no,no,no,no,no,no,small,8.25,23,28,48,3.29,9000,na,,,,100,na,na
206,CSS11.05.2,11,5,2,France,0.25,2500,519,1.3,1,567751.68,yes,yes,no,no,yes,no,no,orchards,orchards,orchards,orchards,orchards,orchards,orchards,yes,yes,no,yes,no,yes,no,no,no,no,no,no,no,no,no,no,no,no,no,small,8.25,32,26,41,3.755,5200,na,roads_unspecified,,,100,na,na
207,CSS11.06.1,11,6,1,France,1.75,17500,427.7,1.07,27,835856.64,yes,yes,yes,no,yes,no,no,orchards,orchards,orchards,orchards,orchards,orchards,orchards,yes,yes,no,yes,no,no,no,no,no,no,no,no,no,no,no,no,no,no,no,small,8.05,35,23,43,5.285,40000,8.75,roads_unspecified,100,,100,na,na
208,CSS11.06.2,11,6,2,France,0.25,2500,251.8,0.63,4,126167.04,yes,yes,yes,no,yes,no,no,orchards,orchards,orchards,orchards,orchards,orchards,orchards,yes,yes,no,no,no,no,no,no,no,no,no,no,no,no,no,no,no,no,no,small,8,33,25,42,5.45,19900,8.75,roads_unspecified,100,,300,na,na
209,CSS11.07.1,11,7,1,France,2.25,22500,2043.4,5.11,3,63083.52,no,no,yes,no,yes,no,no,orchards,orchards,orchards,orchards,orchards,orchards,orchards,yes,yes,na,yes,yes,no,yes,no,no,no,no,no,no,no,no,no,no,no,no,medium,8.25,44,19,38,3.215,4700,8.75,,,,5000,na,na
210,CSS11.07.2,11,7,2,France,2,20000,1261.5,3.15,2,252334.08,no,no,yes,no,yes,no,no,orchards,orchards,orchards,orchards,orchards,orchards,orchards,yes,yes,na,yes,yes,no,yes,no,no,no,no,no,no,no,no,no,no,no,no,medium,8.5,42,20,38,1.73,5000,8.75,,,,5000,na,na
211,CSS11.08.1,11,8,1,France,5.5,55000,1786,4.47,1,402157.44,no,no,yes,yes,yes,yes,no,other_vegetable,other_vegetable,other_vegetable,other_vegetable,other_vegetable,other_vegetable,other_vegetable,yes,no,na,no,no,no,no,no,no,no,no,yes,no,no,no,no,no,no,no,small,7.8,38,14,48,4.775,580,0,,,,150,6000,na
212,CSS11.08.2,11,8,2,France,1,10000,110.5,0.28,0,0,yes,yes,yes,no,yes,yes,no,other_vegetable,other_vegetable,other_vegetable,other_vegetable,other_vegetable,other_vegetable,other_vegetable,yes,no,na,no,no,no,no,no,no,no,no,yes,no,no,no,no,no,no,no,small,8.2,22,17,61,3.115,20600,0,roads_unspecified,100,,150,6000,na
213,CSS11.09.1,11,9,1,France,6.5,65000,186.5,0.47,3,39427.2,yes,yes,no,yes,yes,yes,yes,greenhouse_vegetable,greenhouse_vegetable,greenhouse_vegetable,greenhouse_vegetable,greenhouse_vegetable,greenhouse_vegetable,greenhouse_vegetable,yes,no,na,no,no,no,no,no,no,no,no,yes,yes,no,no,no,no,no,no,large,7.6,7,78,16,1.965,280,0,roads_unspecified,50,,1000,2000,2000
214,CSS11.09.2,11,9,2,France,5.25,52500,1762.6,4.41,1,102510.72,yes,yes,no,no,yes,yes,yes,other_vegetable,greenhouse_vegetable,greenhouse_vegetable,greenhouse_vegetable,greenhouse_vegetable,greenhouse_vegetable,greenhouse_vegetable,yes,no,no,no,no,no,no,no,no,no,no,yes,yes,no,no,no,no,no,no,large,7.35,8,75,17,1.68,460,0,roads_unspecified,50,,1000,2000,2000
215,CSS11.10.1,11,10,1,France,25,250000,18233,45.58,527,64778889.6,no,yes,no,no,yes,yes,yes,orchards,orchards,orchards,orchards,orchards,orchards,orchards,yes,yes,na,yes,no,yes,no,no,no,no,yes,no,no,no,no,no,no,no,no,medium-large,8.2,30,31,39,8.015,21800,8.75,roads_unspecified,0,,200,3500,3500
216,CSS11.10.2,11,10,2,France,19.75,197500,5508.4,13.77,554,39009271.68,no,no,yes,no,yes,yes,yes,fallow,fallow,fallow,fallow,fallow,fallow,fallow,no,yes,na,yes,no,yes,no,no,no,no,yes,no,no,no,no,no,no,no,no,medium-large,8.05,34,25,41,6.825,8300,8.75,,,,250,3500,3500
217,CSS11.11.1,11,11,1,France,0,0,0,0,3,86739.84,no,no,no,no,yes,yes,no,orchards,orchards,orchards,orchards,orchards,orchards,orchards,yes,yes,no,no,no,no,no,no,no,no,yes,no,no,no,no,no,no,no,no,small,8.1,37,20,43,3.86,6400,8.75,,,,0,6000,na
218,CSS11.11.2,11,11,2,France,1,10000,2389.7,5.97,0,0,yes,yes,no,no,yes,yes,no,orchards,orchards,orchards,orchards,orchards,orchards,orchards,yes,yes,no,no,no,no,no,no,no,no,yes,no,no,no,no,no,no,no,no,medium,8.1,29,24,47,3.775,19300,8.75,roads_unspecified,100,,200,6000,na
